<?xml version="1.0"?>
<data grt_format="2.0">
  <value _ptr_="000000001D13D200" type="list" content-type="object" content-struct-name="db.mgmt.Connection">
    <value type="object" struct-name="db.mgmt.Connection" id="{4DF8F00C-578E-48D7-B082-ED0BA8896539}" struct-checksum="0x96ba47d8">
      <link type="object" struct-name="db.mgmt.Driver" key="driver">com.mysql.rdbms.mysql.driver.native</link>
      <value type="string" key="hostIdentifier">Mysql@localhost:3306</value>
      <value type="int" key="isDefault">0</value>
      <value _ptr_="0000000022F0A3E0" type="dict" key="modules"/>
      <value _ptr_="0000000022EFC0D0" type="dict" key="parameterValues">
        <value type="string" key="DbSqlEditor:LastDefaultSchema">test</value>
        <value type="string" key="hostName">localhost</value>
        <value type="int" key="lastConnected">1429760219</value>
        <value type="int" key="port">3306</value>
        <value type="string" key="serverVersion">5.6.24-log</value>
        <value type="string" key="userName">root</value>
      </value>
      <value type="string" key="name">Local instance MySQL56</value>
      <link type="object" struct-name="GrtObject" key="owner">{04140460-942A-4526-97B9-D9F88FC1FE53}</link>
    </value>
  </value>
</data>
