<?xml version="1.0"?>
<data grt_format="2.0">
  <value _ptr_="000000001D13D120" type="list" content-type="object" content-struct-name="db.mgmt.ServerInstance">
    <value type="object" struct-name="db.mgmt.ServerInstance" id="{39F52BC6-9D1C-44B2-BFEB-7C771F42CA5D}" struct-checksum="0x367436e2">
      <link type="object" struct-name="db.mgmt.Connection" key="connection">{4DF8F00C-578E-48D7-B082-ED0BA8896539}</link>
      <value _ptr_="0000000022F09180" type="dict" key="loginInfo">
        <value type="string" key="wmi.hostName"></value>
        <value type="string" key="wmi.userName"></value>
      </value>
      <value _ptr_="0000000022EFB9D0" type="dict" key="serverInfo">
        <value type="string" key="basedir">C:\Program Files\MySQL\MySQL Server 5.6\</value>
        <value type="string" key="datadir">C:\ProgramData\MySQL\MySQL Server 5.6\Data\</value>
        <value type="string" key="errorLogFilePath">Pandora.err</value>
        <value type="string" key="generalLogFilePath">Pandora.log</value>
        <value type="string" key="serverVersion">5.6.24-log</value>
        <value type="int" key="setupPending">1</value>
        <value type="int" key="slowLogEnabled">1</value>
        <value type="string" key="slowLogFilePath">Pandora-slow.log</value>
        <value type="string" key="sys.config.path">C:\ProgramData\MySQL\MySQL Server 5.6\my.ini</value>
        <value type="int" key="sys.config.path.lock">1</value>
        <value type="string" key="sys.config.section">mysqld</value>
        <value type="string" key="sys.mysqld.service_name">MySQL56</value>
        <value type="string" key="sys.preset">Custom</value>
        <value type="string" key="sys.system">Windows</value>
        <value type="int" key="sys.usesudo">0</value>
        <value type="int" key="sys.usesudostatus">0</value>
        <value type="int" key="windowsAdmin">1</value>
      </value>
      <value type="string" key="name">Local MySQL56</value>
    </value>
  </value>
</data>
